feature,importance_mean,importance_std
Item,0.7631838460867464,0.0390806239608783
Month,0.004467163280543562,0.0009006273355223726
Inflasi,0.004177420077192828,0.0010635952727279707
DayOfWeek,0.0005709927266352111,0.0005416990741836196
Location,0.00010843821465883474,0.00021295939537978515
Year,0.0,0.0
IsWeekend,-0.00010044448613644175,0.0005996863525904618
Payment Method,-0.00012359185549001283,0.0005464064865824543
