Model,R2 (Val),MAE (Val),RMSE (Val),R2 (Test),MAE (Test),RMSE (Test)
Linear Regression,0.4152179070317421,3.32833276002867,4.174277270893769,0.4010399528209373,3.4374104354318695,4.2390066713579575
Random Forest,0.4077982753630668,3.3828615611469703,4.200675118681396,0.3867933062540089,3.4914699059431955,4.289124141787057
